,country,decade,women_perc,pop
373,Israel,1950,0.09,1257.968
264,Germany,1950,0.19,69966.252
195,Ecuador,1950,0.0,3470.16
774,Spain,1950,0.0,28069.734
519,Mexico,1950,0.03,27944.671
56,Belgium,1950,0.04,8637.521
636,Paraguay,1950,0.0,1473.241
277,Greece,1950,0.0,7668.792
848,Tunisia,1950,0.01,3605.312
188,Dominican Republic,1950,0.04,2364.649
766,South Africa,1950,0.02,13628.434
643,Peru,1950,0.02,7777.452
289,Guatemala,1950,0.01,3114.956
45,Austria,1950,0.05,6936.442
855,Turkey,1950,0.01,21408.398
594,Niger,1950,0.0,2559.706
532,Mongolia,1950,0.17,780.199
624,Panama,1950,0.03,859.658
713,San Marino,1950,0.0,12.774
822,Thailand,1950,0.02,20710.353
788,Sudan,1950,0.0,5733.789
85,Brazil,1950,0.0,53974.728
588,Nicaragua,1950,0.0,1294.994
607,Norway,1950,0.06,3265.274
581,New Zealand,1950,0.05,1908.011
800,Sweden,1950,0.12,7009.913
229,Ethiopia,1950,0.01,18128.03
481,Malaysia,1950,0.03,6109.902
93,Bulgaria,1950,0.16,7250.996
567,Nepal,1950,0.01,8483.322
73,Bhutan,1950,0.0,176.796
812,Syrian Arab Republic,1950,0.0,3413.325
241,Finland,1950,0.15,4008.292
202,Egypt,1950,0.0,20451.988
248,France,1950,0.03,41833.873
781,Sri Lanka,1950,0.02,7971.098
574,Netherlands,1950,0.08,10042.051
656,Poland,1950,0.11,24824.007
649,Philippines,1950,0.02,18580.483
393,Japan,1950,0.02,82802.084
340,India,1950,0.04,376325.2
903,Uruguay,1950,0.0,2238.501
38,Australia,1950,0.0,8177.348
400,Jordan,1950,0.0,481.319
347,Indonesia,1950,0.04,69543.321
333,Iceland,1950,0.02,142.657
670,Republic of Korea,1950,0.01,19211.387
896,United States of America,1950,0.03,158804.397
429,Lao People's Democratic Republic,1950,0.0,1682.915
126,Canada,1950,0.02,13733.398
326,Hungary,1950,0.18,9337.718
361,Iraq,1950,0.0,5719.183
354,Iran (Islamic Republic of),1950,0.0,17119.262
144,Costa Rica,1950,0.06,945.683
28,Argentina,1950,0.13,17037.91
439,Lebanon,1950,0.0,1334.617
320,Honduras,1950,0.02,1546.719
663,Portugal,1950,0.02,8416.971
883,United Kingdom,1950,0.04,50616.019
380,Italy,1950,0.05,46598.599
172,Denmark,1950,0.09,4268.281
366,Ireland,1950,0.03,2912.682
313,Haiti,1950,0.0,3221.27
154,Cuba,1950,0.02,5919.989
463,Luxembourg,1950,0.0,296.005
114,Cambodia,1950,0.01,4432.724
4,Albania,1950,0.12,1263.164
680,Romania,1950,0.16,16236.289
657,Poland,1960,0.13,29614.201
688,Rwanda,1960,0.0,2935.575
145,Costa Rica,1960,0.04,1330.787
707,Samoa,1960,0.01,108.627
209,El Salvador,1960,0.06,2766.319
608,Norway,1960,0.09,3582.508
625,Panama,1960,0.03,1133.005
681,Romania,1960,0.15,18613.945
160,Cyprus,1960,0.0,572.933
671,Republic of Korea,1960,0.01,25329.521
196,Ecuador,1960,0.02,4543.658
166,Democratic Republic of the Congo,1960,0.0,15248.256
637,Paraguay,1960,0.02,1903.99
664,Portugal,1960,0.03,8844.638
189,Dominican Republic,1960,0.04,3294.222
374,Israel,1960,0.08,2060.476
173,Denmark,1960,0.1,4581.099
650,Philippines,1960,0.04,26269.741
203,Egypt,1960,0.01,26632.891
215,Equatorial Guinea,1960,0.06,255.338
541,Morocco,1960,0.0,12328.532
589,Nicaragua,1960,0.0,1773.132
307,Guyana,1960,0.09,571.813
464,Luxembourg,1960,0.02,314.585
314,Haiti,1960,0.07,3866.162
445,Lesotho,1960,0.0,837.264
440,Lebanon,1960,0.0,1804.935
430,Lao People's Democratic Republic,1960,0.0,2120.892
327,Hungary,1960,0.19,10000.989
420,Kuwait,1960,0.0,269.026
470,Madagascar,1960,0.0,5099.368
334,Iceland,1960,0.02,175.584
409,Kenya,1960,0.0,8120.082
401,Jordan,1960,0.0,933.102
348,Indonesia,1960,0.08,87751.066
394,Japan,1960,0.01,93673.612
355,Iran (Islamic Republic of),1960,0.03,21906.909
387,Jamaica,1960,0.04,1628.524
381,Italy,1960,0.04,49699.947
367,Ireland,1960,0.02,2791.39
341,India,1960,0.06,450547.675
595,Niger,1960,0.0,3388.774
296,Guinea,1960,0.2,3494.164
290,Guatemala,1960,0.02,4210.751
582,New Zealand,1960,0.06,2372.599
575,Netherlands,1960,0.09,11448.815
230,Ethiopia,1960,0.02,22151.284
568,Nepal,1960,0.02,10105.06
561,Nauru,1960,0.0,4.377
242,Finland,1960,0.15,4434.593
249,France,1960,0.02,45673.147
255,Gabon,1960,0.0,500.922
482,Malaysia,1960,0.02,8156.342
533,Mongolia,1960,0.21,955.514
265,Germany,1960,0.16,73414.229
520,Mexico,1960,0.05,37771.861
272,Ghana,1960,0.07,6635.229
513,Mauritius,1960,0.0,660.025
278,Greece,1960,0.01,8273.628
508,Mauritania,1960,0.0,850.377
499,Malta,1960,0.04,312.973
493,Mali,1960,0.01,5263.727
526,Monaco,1960,0.06,22.461
714,San Marino,1960,0.0,15.44
0,Afghanistan,1960,0.01,8996.967
644,Peru,1960,0.02,10155.011
789,Sudan,1960,0.0,7544.498
897,United States of America,1960,0.03,186720.57
104,Burundi,1960,0.0,2797.925
29,Argentina,1960,0.01,20481.781
94,Bulgaria,1960,0.18,7885.607
745,Singapore,1960,0.04,1633.133
57,Belgium,1960,0.04,9167.361
884,United Kingdom,1960,0.04,52370.595
115,Cambodia,1960,0.0,5722.372
842,Trinidad and Tobago,1960,0.06,847.973
39,Australia,1960,0.0,10242.07
782,Sri Lanka,1960,0.02,9874.476
761,Somalia,1960,0.0,2755.967
849,Tunisia,1960,0.02,4178.235
856,Turkey,1960,0.01,27472.339
767,South Africa,1960,0.02,17099.836
775,Spain,1960,0.01,30402.413
831,Togo,1960,0.01,1580.508
904,Uruguay,1960,0.0,2538.648
121,Cameroon,1960,0.02,5176.92
46,Austria,1960,0.05,7070.773
86,Brazil,1960,0.0,72179.235
928,Zambia,1960,0.02,3070.78
79,Botswana,1960,0.0,502.733
11,Algeria,1960,0.03,11057.864
801,Sweden,1960,0.14,7482.536
133,Colombia,1960,0.04,16057.714
5,Albania,1960,0.14,1636.091
726,Senegal,1960,0.01,3206.757
823,Thailand,1960,0.03,27397.208
813,Syrian Arab Republic,1960,0.0,4573.514
127,Canada,1960,0.02,17847.404
850,Tunisia,1970,0.03,5063.805
843,Trinidad and Tobago,1970,0.06,945.357
494,Mali,1970,0.04,5949.042
243,Finland,1970,0.22,4612.365
814,Syrian Arab Republic,1970,0.04,6350.544
279,Greece,1970,0.02,8663.568
47,Austria,1970,0.07,7516.238
284,Grenada,1970,0.2,94.476
500,Malta,1970,0.04,320.548
256,Gabon,1970,0.04,589.317
514,Mauritius,1970,0.04,826.451
273,Ghana,1970,0.04,8735.493
547,Mozambique,1970,0.12,9022.747
68,Benin,1970,0.08,2912.338
250,France,1970,0.04,50763.921
58,Belgium,1970,0.05,9632.179
521,Mexico,1970,0.07,51493.565
266,Germany,1970,0.2,78578.381
542,Morocco,1970,0.0,16004.732
837,Tonga,1970,0.0,84.344
832,Togo,1970,0.1,2115.522
824,Thailand,1970,0.02,36884.525
527,Monaco,1970,0.08,23.487
534,Mongolia,1970,0.23,1278.819
509,Mauritania,1970,0.02,1146.776
554,Myanmar,1970,0.02,27269.063
476,Malawi,1970,0.08,4703.783
488,Maldives,1970,0.04,115.688
415,Kiribati,1970,0.0,51.142
410,Kenya,1970,0.03,11301.394
905,Uruguay,1970,0.01,2809.799
342,India,1970,0.04,555189.797
913,Vanuatu,1970,0.0,85.374
918,Viet Nam,1970,0.27,43404.802
12,Algeria,1970,0.04,14464.992
349,Indonesia,1970,0.07,114793.179
395,Japan,1970,0.01,104929.26
924,Yemen,1970,0.04,6193.379
356,Iran (Islamic Republic of),1970,0.07,28513.872
388,Jamaica,1970,0.06,1875.637
6,Albania,1970,0.31,2150.704
382,Italy,1970,0.06,53518.966
929,Zambia,1970,0.05,4179.062
368,Ireland,1970,0.04,2908.43
375,Israel,1970,0.07,2813.746
335,Iceland,1970,0.05,204.423
898,United States of America,1970,0.03,209513.34
421,Kuwait,1970,0.0,744.444
328,Hungary,1970,0.27,10366.099
483,Malaysia,1970,0.04,10804.131
857,Turkey,1970,0.01,34876.296
297,Guinea,1970,0.17,4154.606
562,Nauru,1970,0.0,6.553
302,Guinea-Bissau,1970,0.1,704.937
471,Madagascar,1970,0.04,6576.305
40,Australia,1970,0.0,12793.03
465,Luxembourg,1970,0.1,339.672
291,Guatemala,1970,0.03,5621.794
308,Guyana,1970,0.13,704.93
878,United Arab Emirates,1970,0.0,234.512
315,Haiti,1970,0.04,4676.237
441,Lebanon,1970,0.0,2297.436
30,Argentina,1970,0.08,23880.564
321,Honduras,1970,0.1,2716.652
431,Lao People's Democratic Republic,1970,0.06,2688.429
885,United Kingdom,1970,0.04,55573.455
891,United Republic of Tanzania,1970,0.06,13535.487
865,Tuvalu,1970,0.0,5.74
807,Switzerland,1970,0.08,6150.848
134,Colombia,1970,0.05,21480.064
762,Somalia,1970,0.1,3444.569
702,Saint Vincent and the Grenadines,1970,0.11,90.501
616,Pakistan,1970,0.04,58142.062
204,Egypt,1970,0.04,34513.851
95,Bulgaria,1970,0.2,8507.541
697,Saint Lucia,1970,0.0,104.016
665,Portugal,1970,0.06,8651.334
776,Spain,1970,0.05,33883.749
626,Panama,1970,0.04,1519.286
197,Ecuador,1970,0.0,6069.375
100,Burkina Faso,1970,0.01,5624.592
631,Papua New Guinea,1970,0.02,2783.132
155,Cuba,1970,0.22,8712.535
190,Dominican Republic,1970,0.1,4499.722
682,Romania,1970,0.15,20548.912
768,South Africa,1970,0.01,22069.783
638,Paraguay,1970,0.04,2474.757
734,Seychelles,1970,0.16,52.371
109,Cabo Verde,1970,0.02,268.633
236,Fiji,1970,0.03,520.561
651,Philippines,1970,0.06,35803.591
179,Djibouti,1970,0.0,159.662
122,Cameroon,1970,0.07,6519.754
161,Cyprus,1970,0.0,613.618
672,Republic of Korea,1970,0.03,32195.679
740,Sierra Leone,1970,0.0,2744.89
658,Poland,1970,0.18,32639.262
174,Denmark,1970,0.18,4931.239
116,Cambodia,1970,0.11,6996.576
746,Singapore,1970,0.0,2072.284
146,Costa Rica,1970,0.06,1847.394
609,Norway,1970,0.2,3876.049
167,Democratic Republic of the Congo,1970,0.05,20011.033
783,Sri Lanka,1970,0.03,12485.736
569,Nepal,1970,0.03,12074.628
715,San Marino,1970,0.06,19.224
802,Sweden,1970,0.22,8054.909
231,Ethiopia,1970,0.02,28415.08
80,Botswana,1970,0.02,627.714
576,Netherlands,1970,0.1,13001.941
720,Sao Tome and Principe,1970,0.18,74.57
139,Comoros,1970,0.0,230.055
210,El Salvador,1970,0.05,3673.066
795,Suriname,1970,0.05,367.926
583,New Zealand,1970,0.05,2818.391
708,Samoa,1970,0.02,143.146
590,Nicaragua,1970,0.16,2406.523
224,Eswatini,1970,0.04,431.251
596,Niger,1970,0.0,4510.645
790,Sudan,1970,0.06,10281.695
128,Canada,1970,0.03,21374.326
87,Brazil,1970,0.0,95113.265
727,Senegal,1970,0.06,4257.508
886,United Kingdom,1980,0.05,56209.164
396,Japan,1980,0.02,117816.942
919,Viet Nam,1980,0.2,54281.841
376,Israel,1980,0.08,3700.916
741,Sierra Leone,1980,0.01,3388.494
698,Saint Lucia,1980,0.0,117.828
716,San Marino,1980,0.11,21.453
892,United Republic of Tanzania,1980,0.1,18538.263
422,Kuwait,1980,0.0,1368.68
930,Zambia,1980,0.05,5851.818
925,Yemen,1980,0.05,7941.903
666,Portugal,1980,0.07,9750.966
934,Zimbabwe,1980,0.1,7408.63
703,Saint Vincent and the Grenadines,1980,0.07,100.566
673,Republic of Korea,1980,0.03,38045.605
899,United States of America,1980,0.05,229476.36
721,Sao Tome and Principe,1980,0.08,95.788
735,Seychelles,1980,0.2,66.237
416,Kiribati,1980,0.0,59.296
411,Kenya,1980,0.02,16417.203
389,Jamaica,1980,0.09,2162.839
914,Vanuatu,1980,0.02,115.598
709,Samoa,1980,0.03,155.522
383,Italy,1980,0.1,56349.352
728,Senegal,1980,0.12,5583.157
689,Rwanda,1980,0.12,5153.314
683,Romania,1980,0.34,22615.644
906,Uruguay,1980,0.03,2915.389
402,Jordan,1980,0.0,2377.997
693,Saint Kitts and Nevis,1980,0.07,43.201
803,Sweden,1980,0.33,8316.331
659,Poland,1980,0.19,35539.723
610,Norway,1980,0.32,4086.07
838,Tonga,1980,0.0,92.966
515,Mauritius,1980,0.06,966.039
784,Sri Lanka,1980,0.05,15035.84
597,Niger,1980,0.05,5989.0
833,Togo,1980,0.05,2720.835
522,Mexico,1980,0.11,67761.367
528,Monaco,1980,0.11,26.752
825,Thailand,1980,0.03,47374.463
617,Pakistan,1980,0.1,78054.346
791,Sudan,1980,0.08,14507.466
535,Mongolia,1980,0.24,1689.622
796,Suriname,1980,0.08,359.531
577,Netherlands,1980,0.17,14148.41
815,Syrian Arab Republic,1980,0.08,8930.776
548,Mozambique,1980,0.16,11630.194
555,Myanmar,1980,0.03,34224.316
570,Nepal,1980,0.05,15016.408
808,Switzerland,1980,0.12,6283.833
563,Nauru,1980,0.04,7.751
584,New Zealand,1980,0.12,3146.61
844,Trinidad and Tobago,1980,0.17,1084.743
777,Spain,1980,0.1,37698.2
501,Malta,1980,0.03,331.494
879,United Arab Emirates,1980,0.0,1019.507
446,Lesotho,1980,0.0,1340.258
871,Uganda,1980,0.06,12442.333
456,Liechtenstein,1980,0.06,25.881
866,Tuvalu,1980,0.03,7.631
747,Singapore,1980,0.03,2411.69
757,Solomon Islands,1980,0.0,230.55
652,Philippines,1980,0.08,47357.741
472,Madagascar,1980,0.04,8716.549
645,Peru,1980,0.06,17547.612
477,Malawi,1980,0.05,6250.434
858,Turkey,1980,0.02,43975.972
763,Somalia,1980,0.04,6281.138
639,Paraguay,1980,0.04,3181.627
484,Malaysia,1980,0.05,13798.094
769,South Africa,1980,0.01,28556.771
632,Papua New Guinea,1980,0.0,3571.209
489,Maldives,1980,0.04,158.271
851,Tunisia,1980,0.05,6374.04
495,Mali,1980,0.04,7090.124
627,Panama,1980,0.05,1978.489
432,Lao People's Democratic Republic,1980,0.06,3258.149
543,Morocco,1980,0.0,19990.006
466,Luxembourg,1980,0.12,364.048
267,Germany,1980,0.19,78283.101
225,Eswatini,1980,0.03,587.852
316,Haiti,1980,0.04,5643.175
117,Cambodia,1980,0.2,6693.759
322,Honduras,1980,0.09,3678.274
123,Cameroon,1980,0.14,8621.409
31,Argentina,1980,0.05,27896.532
232,Ethiopia,1980,0.0,35141.703
211,El Salvador,1980,0.1,4591.135
24,Antigua and Barbuda,1980,0.0,61.861
129,Canada,1980,0.09,24416.885
205,Egypt,1980,0.06,43309.063
20,Angola,1980,0.12,8341.29
135,Colombia,1980,0.04,26900.508
336,Iceland,1980,0.18,228.256
329,Hungary,1980,0.25,10754.286
41,Australia,1980,0.04,14588.4
110,Cabo Verde,1980,0.12,283.848
237,Fiji,1980,0.01,635.312
280,Greece,1980,0.05,9627.004
162,Cyprus,1980,0.02,685.408
63,Belize,1980,0.02,144.142
81,Botswana,1980,0.05,897.86
285,Grenada,1980,0.12,89.032
257,Gabon,1980,0.14,726.335
292,Guatemala,1980,0.04,7283.456
88,Brazil,1980,0.03,120694.012
59,Belgium,1980,0.07,9868.999
251,France,1980,0.07,53868.006
96,Bulgaria,1980,0.22,8878.787
244,Finland,1980,0.31,4788.247
303,Guinea-Bissau,1980,0.18,781.678
48,Austria,1980,0.1,7609.75
105,Burundi,1980,0.09,4157.296
198,Ecuador,1980,0.03,7989.178
140,Comoros,1980,0.0,307.831
216,Equatorial Guinea,1980,0.08,249.931
69,Benin,1980,0.04,3717.161
343,India,1980,0.06,698952.837
175,Denmark,1980,0.28,5123.945
180,Djibouti,1980,0.0,358.96
7,Albania,1980,0.3,2682.697
156,Cuba,1980,0.29,9849.457
350,Indonesia,1980,0.1,147447.834
362,Iraq,1980,0.1,13653.348
168,Democratic Republic of the Congo,1980,0.04,26358.905
184,Dominica,1980,0.12,75.318
147,Costa Rica,1980,0.09,2389.973
1,Afghanistan,1980,0.03,13356.5
13,Algeria,1980,0.02,19221.659
357,Iran (Islamic Republic of),1980,0.01,38650.244
369,Ireland,1980,0.08,3384.76
191,Dominican Republic,1980,0.07,5803.929
97,Bulgaria,1990,0.11,8841.466
549,Mozambique,1990,0.27,12987.292
778,Spain,1990,0.18,39202.524
245,Finland,1990,0.37,4996.22
809,Switzerland,1990,0.2,6652.873
101,Burkina Faso,1990,0.06,8811.033
558,Namibia,1990,0.22,1432.899
516,Mauritius,1990,0.06,1055.869
660,Poland,1990,0.12,37960.193
770,South Africa,1990,0.27,36800.507
274,Ghana,1990,0.08,14773.274
151,Croatia,1990,0.07,4776.37
238,Fiji,1990,0.06,728.575
564,Nauru,1990,0.03,9.506
163,Cyprus,1990,0.05,766.616
684,Romania,1990,0.05,23489.156
785,Sri Lanka,1990,0.05,17325.769
261,Georgia,1990,0.07,5410.4
268,Germany,1990,0.24,79053.984
529,Monaco,1990,0.14,29.433
677,Republic of Moldova,1990,0.05,4365.562
76,Bosnia and Herzegovina,1990,0.16,4463.422
797,Suriname,1990,0.11,405.169
82,Botswana,1990,0.14,1286.756
523,Mexico,1990,0.12,83943.135
258,Gabon,1990,0.07,949.493
804,Sweden,1990,0.39,8567.375
536,Mongolia,1990,0.05,2184.139
792,Sudan,1990,0.05,20147.592
169,Democratic Republic of the Congo,1990,0.04,34612.023
106,Burundi,1990,0.12,5438.959
157,Cuba,1990,0.25,10596.986
89,Brazil,1990,0.06,149003.225
252,France,1990,0.08,56666.861
667,Portugal,1990,0.15,9895.358
544,Morocco,1990,0.01,24807.461
633,Papua New Guinea,1990,0.01,4615.843
653,Philippines,1990,0.1,61895.169
212,El Salvador,1990,0.1,5270.074
699,Saint Lucia,1990,0.04,138.019
729,Senegal,1990,0.12,7526.306
611,Norway,1990,0.38,4247.286
185,Dominica,1990,0.13,70.422
130,Canada,1990,0.2,27541.323
206,Egypt,1990,0.02,56134.478
640,Paraguay,1990,0.06,4223.413
618,Pakistan,1990,0.02,107647.918
722,Sao Tome and Principe,1990,0.09,119.211
621,Palau,1990,0.0,15.063
704,Saint Vincent and the Grenadines,1990,0.07,107.489
717,San Marino,1990,0.12,24.124
192,Dominican Republic,1990,0.13,7133.491
136,Colombia,1990,0.1,33102.569
199,Ecuador,1990,0.08,10230.931
141,Comoros,1990,0.01,411.598
628,Panama,1990,0.08,2470.946
710,Samoa,1990,0.05,162.797
124,Cameroon,1990,0.1,11780.086
604,Nigeria,1990,0.02,95212.454
646,Peru,1990,0.08,22071.433
736,Seychelles,1990,0.32,70.572
233,Ethiopia,1990,0.02,47887.864
111,Cabo Verde,1990,0.1,337.953
694,Saint Kitts and Nevis,1990,0.1,40.26
758,Solomon Islands,1990,0.02,311.869
226,Eswatini,1990,0.03,822.423
578,Netherlands,1990,0.35,14965.442
754,Slovenia,1990,0.11,2006.404
751,Slovakia,1990,0.15,5288.455
221,Estonia,1990,0.13,1565.246
690,Rwanda,1990,0.04,7288.883
585,New Zealand,1990,0.24,3398.175
220,Eritrea,1990,0.21,2258.649
181,Djibouti,1990,0.0,590.393
148,Costa Rica,1990,0.15,3119.436
118,Cambodia,1990,0.07,8975.597
591,Nicaragua,1990,0.13,4173.435
742,Sierra Leone,1990,0.06,4319.763
217,Equatorial Guinea,1990,0.06,419.188
70,Benin,1990,0.07,4978.489
598,Niger,1990,0.03,8026.592
748,Singapore,1990,0.05,3012.968
571,Nepal,1990,0.04,18905.48
176,Denmark,1990,0.35,5141.117
816,Syrian Arab Republic,1990,0.09,12446.168
423,Kuwait,1990,0.02,2095.35
893,United Republic of Tanzania,1990,0.11,25203.848
426,Kyrgyzstan,1990,0.06,4372.885
25,Antigua and Barbuda,1990,0.05,62.533
887,United Kingdom,1990,0.14,57134.377
323,Honduras,1990,0.08,4955.302
433,Lao People's Democratic Republic,1990,0.15,4258.471
436,Latvia,1990,0.12,2664.447
32,Argentina,1990,0.2,32618.648
880,United Arab Emirates,1990,0.0,1828.437
330,Hungary,1990,0.09,10377.135
442,Lebanon,1990,0.02,2803.032
875,Ukraine,1990,0.05,51463.101
317,Haiti,1990,0.04,7037.915
447,Lesotho,1990,0.05,1703.757
872,Uganda,1990,0.18,17354.395
452,Liberia,1990,0.08,2075.917
35,Armenia,1990,0.04,3538.164
867,Tuvalu,1990,0.04,8.91
457,Liechtenstein,1990,0.05,28.79
862,Turkmenistan,1990,0.16,3683.978
460,Lithuania,1990,0.12,3696.035
510,Mauritania,1990,0.02,2034.347
21,Angola,1990,0.1,11848.385
900,United States of America,1990,0.11,252120.309
417,Kiribati,1990,0.02,72.394
370,Ireland,1990,0.13,3510.881
935,Zimbabwe,1990,0.14,10432.409
377,Israel,1990,0.1,4448.348
931,Zambia,1990,0.08,8036.849
363,Iraq,1990,0.06,17419.113
384,Italy,1990,0.11,57048.237
926,Yemen,1990,0.02,11709.987
358,Iran (Islamic Republic of),1990,0.04,56366.212
390,Jamaica,1990,0.12,2419.901
8,Albania,1990,0.07,3286.07
920,Viet Nam,1990,0.21,67988.855
351,Indonesia,1990,0.11,181413.398
397,Japan,1990,0.03,124505.243
915,Vanuatu,1990,0.01,146.575
14,Algeria,1990,0.07,25758.872
344,India,1990,0.08,873277.799
403,Jordan,1990,0.01,3565.888
406,Kazakhstan,1990,0.11,16383.881
910,Uzbekistan,1990,0.08,20398.347
907,Uruguay,1990,0.1,3109.598
17,Andorra,1990,0.04,54.508
412,Kenya,1990,0.03,23724.574
337,Iceland,1990,0.28,255.044
859,Turkey,1990,0.03,53921.758
310,Guyana,1990,0.2,743.306
674,Republic of Korea,1990,0.02,42918.416
281,Greece,1990,0.06,10225.99
53,Belarus,1990,0.04,10151.135
826,Thailand,1990,0.05,56558.196
60,Belgium,1990,0.18,10006.545
478,Malawi,1990,0.09,9404.499
839,Tonga,1990,0.01,95.069
845,Trinidad and Tobago,1990,0.12,1221.121
502,Malta,1990,0.06,362.017
293,Guatemala,1990,0.08,9263.82
496,Mali,1990,0.07,8449.915
49,Austria,1990,0.24,7723.954
64,Belize,1990,0.05,187.554
485,Malaysia,1990,0.07,18029.824
286,Grenada,1990,0.2,96.328
473,Madagascar,1990,0.06,11598.647
304,Guinea-Bissau,1990,0.09,975.265
467,Luxembourg,1990,0.18,381.78
490,Maldives,1990,0.06,223.159
834,Togo,1990,0.04,3774.31
852,Tunisia,1990,0.1,8242.509
42,Australia,1990,0.14,16960.6
505,Marshall Islands,1990,0.03,47.265
819,Tajikistan,1990,0.03,5283.811
299,Guinea,1990,0.07,6352.282
15,Algeria,2000,0.07,31042.238
829,Timor-Leste,2000,0.29,884.366
798,Suriname,2000,0.22,470.944
142,Comoros,2000,0.02,542.358
705,Saint Vincent and the Grenadines,2000,0.2,107.787
911,Uzbekistan,2000,0.2,24769.955
700,Saint Lucia,2000,0.06,156.737
908,Uruguay,2000,0.13,3319.734
827,Thailand,2000,0.11,62952.639
83,Botswana,2000,0.1,1643.333
61,Belgium,2000,0.35,10282.046
764,Somalia,2000,0.07,8872.25
77,Bosnia and Herzegovina,2000,0.13,3751.176
71,Benin,2000,0.09,6865.946
675,Republic of Korea,2000,0.07,47379.237
817,Syrian Arab Republic,2000,0.12,16410.847
678,Republic of Moldova,2000,0.22,4202.659
810,Switzerland,2000,0.27,7143.764
158,Cuba,2000,0.4,11126.423
932,Zambia,2000,0.14,10415.942
2,Afghanistan,2000,0.27,20779.957
74,Bhutan,2000,0.09,591.014
916,Vanuatu,2000,0.03,184.964
927,Yemen,2000,0.0,17409.071
805,Sweden,2000,0.46,8881.642
152,Croatia,2000,0.2,4428.075
820,Tajikistan,2000,0.12,6216.329
65,Belize,2000,0.02,247.31
691,Rwanda,2000,0.52,7933.688
9,Albania,2000,0.1,3129.246
921,Viet Nam,2000,0.27,79910.411
695,Saint Kitts and Nevis,2000,0.06,44.083
149,Costa Rica,2000,0.35,3962.369
685,Romania,2000,0.11,22137.423
711,Samoa,2000,0.07,174.454
718,San Marino,2000,0.15,27.46
18,Andorra,2000,0.24,65.39
876,Ukraine,2000,0.07,48838.058
846,Trinidad and Tobago,2000,0.17,1267.159
50,Austria,2000,0.31,8069.276
873,Uganda,2000,0.27,23650.159
749,Singapore,2000,0.16,4028.872
102,Burkina Faso,2000,0.12,11607.951
771,South Africa,2000,0.38,44967.713
752,Slovakia,2000,0.17,5399.207
98,Bulgaria,2000,0.23,7997.951
868,Tuvalu,2000,0.0,9.392
36,Armenia,2000,0.08,3069.597
112,Cabo Verde,2000,0.13,428.178
863,Turkmenistan,2000,0.16,4516.128
853,Tunisia,2000,0.25,9708.347
759,Solomon Islands,2000,0.0,412.665
860,Turkey,2000,0.06,63240.196
43,Australia,2000,0.26,18991.434
107,Burundi,2000,0.31,6378.871
755,Slovenia,2000,0.12,1987.71
137,Colombia,2000,0.1,39629.965
33,Argentina,2000,0.38,36870.796
737,Seychelles,2000,0.27,80.998
901,United States of America,2000,0.15,281710.914
793,Sudan,2000,0.12,27275.019
835,Togo,2000,0.08,4924.406
131,Canada,2000,0.21,30588.379
22,Angola,2000,0.37,16395.477
90,Brazil,2000,0.08,174790.339
894,United Republic of Tanzania,2000,0.26,33499.177
723,Sao Tome and Principe,2000,0.08,142.264
119,Cambodia,2000,0.13,12155.241
786,Sri Lanka,2000,0.04,18777.606
888,United Kingdom,2000,0.19,58923.305
730,Senegal,2000,0.2,9797.731
840,Tonga,2000,0.02,97.962
732,Serbia,2000,0.21,9487.612
54,Belarus,2000,0.25,9871.635
26,Antigua and Barbuda,2000,0.11,76.007
779,Spain,2000,0.33,40824.745
881,United Arab Emirates,2000,0.02,3134.067
125,Cameroon,2000,0.12,15513.944
743,Sierra Leone,2000,0.14,4584.57
371,Ireland,2000,0.13,3783.095
164,Cyprus,2000,0.12,943.288
486,Malaysia,2000,0.1,23194.252
491,Maldives,2000,0.09,279.396
287,Grenada,2000,0.2,102.837
497,Mali,2000,0.1,10946.448
282,Greece,2000,0.14,11082.103
503,Malta,2000,0.08,393.649
506,Marshall Islands,2000,0.03,50.754
511,Mauritania,2000,0.11,2630.217
275,Ghana,2000,0.09,19278.85
517,Mauritius,2000,0.12,1185.147
524,Mexico,2000,0.23,98899.845
262,Georgia,2000,0.07,4362.184
530,Monaco,2000,0.23,32.148
259,Gabon,2000,0.1,1228.359
537,Mongolia,2000,0.06,2397.417
539,Montenegro,2000,0.08,613.558
253,France,2000,0.14,59015.092
545,Morocco,2000,0.1,28793.672
246,Finland,2000,0.41,5187.953
550,Mozambique,2000,0.37,17711.925
559,Namibia,2000,0.25,1794.583
239,Fiji,2000,0.09,811.011
565,Nauru,2000,0.0,10.335
234,Ethiopia,2000,0.17,66224.809
572,Nepal,2000,0.29,23941.099
227,Eswatini,2000,0.12,1005.432
579,Netherlands,2000,0.36,15926.188
222,Estonia,2000,0.22,1399.111
586,New Zealand,2000,0.32,3858.992
294,Guatemala,2000,0.1,11650.744
218,Equatorial Guinea,2000,0.14,606.18
479,Malawi,2000,0.18,11148.751
474,Madagascar,2000,0.06,15766.806
378,Israel,2000,0.16,5945.949
364,Iraq,2000,0.2,23497.589
385,Italy,2000,0.16,56692.178
359,Iran (Islamic Republic of),2000,0.03,65623.397
391,Jamaica,2000,0.12,2654.698
352,Indonesia,2000,0.15,211513.822
398,Japan,2000,0.08,127524.168
345,India,2000,0.1,1056575.548
404,Jordan,2000,0.06,5122.495
407,Kazakhstan,2000,0.13,14922.724
338,Iceland,2000,0.34,280.439
413,Kenya,2000,0.08,31964.557
418,Kiribati,2000,0.05,84.405
331,Hungary,2000,0.09,10220.509
424,Kuwait,2000,0.03,2045.123
427,Kyrgyzstan,2000,0.09,4920.712
324,Honduras,2000,0.15,6574.51
434,Lao People's Democratic Republic,2000,0.24,5323.701
437,Latvia,2000,0.18,2384.15
318,Haiti,2000,0.04,8463.802
443,Lebanon,2000,0.03,3842.774
448,Lesotho,2000,0.18,2032.805
453,Liberia,2000,0.08,2848.447
458,Liechtenstein,2000,0.2,33.184
461,Lithuania,2000,0.17,3501.842
311,Guyana,2000,0.24,746.718
936,Zimbabwe,2000,0.13,11881.482
468,Luxembourg,2000,0.22,436.106
305,Guinea-Bissau,2000,0.12,1201.305
300,Guinea,2000,0.19,8240.735
592,Nicaragua,2000,0.18,5069.31
269,Germany,2000,0.32,81400.883
182,Djibouti,2000,0.12,717.577
622,Palau,2000,0.05,19.104
614,Oman,2000,0.01,2267.973
177,Denmark,2000,0.37,5341.192
170,Democratic Republic of the Congo,2000,0.1,47105.83
641,Paraguay,2000,0.1,5323.202
207,Egypt,2000,0.02,68831.561
605,Nigeria,2000,0.06,122283.853
647,Peru,2000,0.21,26459.944
661,Poland,2000,0.2,38556.699
186,Dominica,2000,0.15,69.65
629,Panama,2000,0.12,3030.333
599,Niger,2000,0.11,11331.561
654,Philippines,2000,0.19,77991.757
213,El Salvador,2000,0.14,5887.93
200,Ecuador,2000,0.24,12681.123
193,Dominican Republic,2000,0.18,8471.317
612,Norway,2000,0.38,4499.375
634,Papua New Guinea,2000,0.01,5847.59
619,Pakistan,2000,0.22,142343.583
668,Portugal,2000,0.23,10297.117
449,Lesotho,2010,0.24,1995.575
869,Tuvalu,2010,0.04,10.521
648,Peru,2010,0.24,29027.68
593,Nicaragua,2010,0.42,5824.058
696,Saint Kitts and Nevis,2010,0.1,49.011
444,Lebanon,2010,0.05,4953.064
877,Ukraine,2010,0.1,45792.086
34,Argentina,2010,0.37,40895.751
319,Haiti,2010,0.04,9949.318
438,Latvia,2010,0.23,2118.855
882,United Arab Emirates,2010,0.15,8549.998
874,Uganda,2010,0.12,32428.164
454,Liberia,2010,0.1,3891.357
183,Djibouti,2010,0.18,840.194
312,Guyana,2010,0.31,749.43
301,Guinea,2010,0.22,10192.168
847,Trinidad and Tobago,2010,0.3,1328.144
51,Austria,2010,0.32,8409.945
475,Madagascar,2010,0.14,21151.64
187,Dominica,2010,0.2,70.877
469,Luxembourg,2010,0.24,507.89
143,Comoros,2010,0.03,689.696
854,Tunisia,2010,0.28,10635.245
455,Libya,2010,0.16,6197.667
44,Australia,2010,0.27,22154.687
701,Saint Lucia,2010,0.15,174.092
462,Lithuania,2010,0.23,3123.825
642,Paraguay,2010,0.16,6248.017
861,Turkey,2010,0.15,72326.992
459,Liechtenstein,2010,0.16,35.996
178,Denmark,2010,0.38,5554.849
864,Turkmenistan,2010,0.21,5087.211
37,Armenia,2010,0.17,2877.314
306,Guinea-Bissau,2010,0.14,1522.603
435,Lao People's Democratic Republic,2010,0.27,6249.168
428,Kyrgyzstan,2010,0.21,5422.298
150,Costa Rica,2010,0.39,4577.371
153,Croatia,2010,0.16,4328.163
346,India,2010,0.12,1234281.163
399,Japan,2010,0.08,128542.349
917,Vanuatu,2010,0.0,236.216
662,Poland,2010,0.25,38329.784
10,Albania,2010,0.22,2948.029
353,Indonesia,2010,0.17,241834.226
922,Viet Nam,2010,0.25,87967.655
392,Jamaica,2010,0.14,2810.464
165,Cyprus,2010,0.14,1112.617
679,Republic of Moldova,2010,0.18,4086.09
386,Italy,2010,0.32,59325.232
3,Afghanistan,2010,0.28,29185.511
360,Iran (Islamic Republic of),2010,0.04,73762.519
669,Portugal,2010,0.31,10596.055
379,Israel,2010,0.24,7346.446
933,Zambia,2010,0.14,13605.986
676,Republic of Korea,2010,0.16,49545.638
365,Iraq,2010,0.25,29741.977
912,Uzbekistan,2010,0.16,28515.908
27,Antigua and Barbuda,2010,0.11,88.03
405,Jordan,2010,0.12,7261.541
909,Uruguay,2010,0.16,3359.273
692,Rwanda,2010,0.6,10039.338
325,Honduras,2010,0.24,8317.467
889,United Kingdom,2010,0.28,63459.801
706,Saint Vincent and the Grenadines,2010,0.14,108.26
425,Kuwait,2010,0.03,2991.884
655,Philippines,2010,0.26,93966.784
895,United Republic of Tanzania,2010,0.37,44346.532
23,Angola,2010,0.33,23356.247
332,Hungary,2010,0.11,9927.38
419,Kiribati,2010,0.08,102.93
372,Ireland,2010,0.15,4554.33
414,Kenya,2010,0.16,42030.684
902,United States of America,2010,0.19,309011.469
19,Andorra,2010,0.48,84.454
687,Russian Federation,2010,0.14,143479.273
686,Romania,2010,0.14,20471.86
16,Algeria,2010,0.29,35977.451
339,Iceland,2010,0.42,320.342
408,Kazakhstan,2010,0.26,16252.273
171,Democratic Republic of the Congo,2010,0.1,64563.853
52,Barbados,2010,0.2,282.131
55,Belarus,2010,0.27,9420.576
480,Malawi,2010,0.17,14539.609
103,Burkina Faso,2010,0.12,15605.211
240,Fiji,2010,0.18,859.816
560,Namibia,2010,0.41,2118.877
772,South Africa,2010,0.42,51216.967
773,South Sudan,2010,0.27,9508.372
557,Myanmar,2010,0.08,50600.827
99,Bulgaria,2010,0.23,7425.011
551,Mozambique,2010,0.4,23531.567
208,Egypt,2010,0.1,82761.244
613,Norway,2010,0.4,4885.878
247,Finland,2010,0.42,5365.784
546,Morocco,2010,0.18,32343.384
92,Brunei Darussalam,2010,0.08,388.634
91,Brazil,2010,0.11,195713.637
725,Saudi Arabia,2010,0.2,27421.468
787,Sri Lanka,2010,0.05,20261.738
540,Montenegro,2010,0.19,624.279
724,Sao Tome and Principe,2010,0.17,180.372
780,Spain,2010,0.38,46931.011
731,Senegal,2010,0.42,12678.143
566,Nauru,2010,0.02,10.009
765,Somalia,2010,0.14,12043.886
120,Cambodia,2010,0.18,14312.205
744,Sierra Leone,2010,0.12,6415.636
738,Seychelles,2010,0.44,91.273
219,Equatorial Guinea,2010,0.21,943.64
113,Cabo Verde,2010,0.22,492.644
587,New Zealand,2010,0.33,4370.06
750,Singapore,2010,0.23,5131.17
223,Estonia,2010,0.22,1332.103
753,Slovakia,2010,0.18,5404.293
580,Netherlands,2010,0.39,16682.927
600,Niger,2010,0.14,16464.025
756,Slovenia,2010,0.31,2043.336
228,Eswatini,2010,0.06,1064.841
573,Nepal,2010,0.33,27013.207
760,Solomon Islands,2010,0.01,527.861
733,Serbia,2010,0.33,8991.258
606,Nigeria,2010,0.05,158503.203
108,Burundi,2010,0.33,8675.606
235,Ethiopia,2010,0.34,87639.962
538,Mongolia,2010,0.15,2719.902
84,Botswana,2010,0.1,1987.106
615,Oman,2010,0.01,3041.435
254,France,2010,0.28,62879.535
504,Malta,2010,0.13,414.257
821,Tajikistan,2010,0.19,7527.397
66,Belize,2010,0.04,322.465
138,Colombia,2010,0.17,45222.699
283,Greece,2010,0.22,10887.64
498,Mali,2010,0.1,15049.352
712,Samoa,2010,0.07,185.944
828,Thailand,2010,0.11,67195.032
630,Panama,2010,0.19,3642.691
830,Timor-Leste,2010,0.35,1093.517
62,Belgium,2010,0.39,10938.735
492,Maldives,2010,0.06,365.73
194,Dominican Republic,2010,0.21,9695.117
288,Grenada,2010,0.47,106.227
487,Malaysia,2010,0.12,28208.028
836,Togo,2010,0.16,6421.674
214,El Salvador,2010,0.3,6183.877
295,Guatemala,2010,0.14,14630.42
841,Tonga,2010,0.0,103.981
818,Syrian Arab Republic,2010,0.12,21362.541
635,Papua New Guinea,2010,0.02,7310.512
507,Marshall Islands,2010,0.06,56.361
201,Ecuador,2010,0.36,15011.114
794,Sudan,2010,0.29,34545.014
531,Monaco,2010,0.27,35.609
620,Pakistan,2010,0.2,179424.643
260,Gabon,2010,0.16,1624.146
799,Suriname,2010,0.18,529.126
132,Canada,2010,0.25,34147.566
78,Bosnia and Herzegovina,2010,0.2,3705.478
525,Mexico,2010,0.42,114092.961
719,San Marino,2010,0.2,31.221
263,Georgia,2010,0.13,4099.096
159,Cuba,2010,0.49,11225.833
806,Sweden,2010,0.45,9390.157
75,Bhutan,2010,0.1,685.502
518,Mauritius,2010,0.16,1247.953
270,Germany,2010,0.33,80827.001
811,Switzerland,2010,0.31,7808.674
72,Benin,2010,0.08,9199.254
623,Palau,2010,0.04,17.954
512,Mauritania,2010,0.21,3494.2
276,Ghana,2010,0.11,24779.614
937,Zimbabwe,2010,0.31,12697.728
